vivid_gold,#FFD700,midnight_blue,#191970
deep_emerald,#046307,cream,#FFFDD0
burnt_copper,#B87333,charcoal_gray,#36454F
royal_purple,#6A0DAD,taupe,#483C32
crimson_red,#DC143C,chocolate,#7B3F00
bronze,#CD7F32,navy,#000080
forest_green,#228B22,sand,#C2B280
brick_red,#CB4154,steel_gray,#4682B4
amber,#FFBF00,beige,#F5F5DC
deep_teal,#014D4E,forest_green,#228B22
vivid_gold,#FFD700,taupe,#483C32
deep_emerald,#046307,chocolate,#7B3F00
burnt_copper,#B87333,midnight_blue,#191970
royal_purple,#6A0DAD,cream,#FFFDD0
crimson_red,#DC143C,beige,#F5F5DC
bronze,#CD7F32,steel_gray,#4682B4
forest_green,#228B22,charcoal_gray,#36454F
brick_red,#CB4154,forest_green,#228B22
amber,#FFBF00,midnight_blue,#191970
deep_teal,#014D4E,sand,#C2B280
vivid_gold,#FFD700,chocolate,#7B3F00
deep_emerald,#046307,taupe,#483C32
burnt_copper,#B87333,cream,#FFFDD0
royal_purple,#6A0DAD,steel_gray,#4682B4
crimson_red,#DC143C,midnight_blue,#191970
bronze,#CD7F32,forest_green,#228B22
forest_green,#228B22,sand,#C2B280
brick_red,#CB4154,beige,#F5F5DC
amber,#FFBF00,charcoal_gray,#36454F
deep_teal,#014D4E,navy,#000080
vivid_gold,#FFD700,steel_gray,#4682B4
deep_emerald,#046307,cream,#FFFDD0
burnt_copper,#B87333,midnight_blue,#191970
royal_purple,#6A0DAD,charcoal_gray,#36454F
crimson_red,#DC143C,sand,#C2B280
bronze,#CD7F32,navy,#000080
forest_green,#228B22,beige,#F5F5DC
brick_red,#CB4154,forest_green,#228B22
amber,#FFBF00,chocolate,#7B3F00
deep_teal,#014D4E,taupe,#483C32
vivid_gold,#FFD700,sand,#C2B280
deep_emerald,#046307,steel_gray,#4682B4
burnt_copper,#B87333,cream,#FFFDD0
royal_purple,#6A0DAD,midnight_blue,#191970
crimson_red,#DC143C,navy,#000080
bronze,#CD7F32,charcoal_gray,#36454F
forest_green,#228B22,taupe,#483C32
brick_red,#CB4154,forest_green,#228B22
amber,#FFBF00,cream,#FFFDD0
deep_teal,#014D4E,sand,#C2B280
vivid_gold,#FFD700,charcoal_gray,#36454F
deep_emerald,#046307,midnight_blue,#191970
burnt_copper,#B87333,steel_gray,#4682B4
royal_purple,#6A0DAD,beige,#F5F5DC
crimson_red,#DC143C,taupe,#483C32
bronze,#CD7F32,navy,#000080
forest_green,#228B22,cream,#FFFDD0
brick_red,#CB4154,forest_green,#228B22
amber,#FFBF00,chocolate,#7B3F00
deep_teal,#014D4E,sand,#C2B280
vivid_gold,#FFD700,steel_gray,#4682B4
deep_emerald,#046307,cream,#FFFDD0
burnt_copper,#B87333,midnight_blue,#191970
royal_purple,#6A0DAD,charcoal_gray,#36454F
crimson_red,#DC143C,sand,#C2B280
bronze,#CD7F32,navy,#000080
forest_green,#228B22,beige,#F5F5DC
brick_red,#CB4154,forest_green,#228B22
amber,#FFBF00,chocolate,#7B3F00
deep_teal,#014D4E,taupe,#483C32
vivid_gold,#FFD700,sand,#C2B280
deep_emerald,#046307,steel_gray,#4682B4
burnt_copper,#B87333,cream,#FFFDD0
royal_purple,#6A0DAD,midnight_blue,#191970
crimson_red,#DC143C,navy,#000080
bronze,#CD7F32,charcoal_gray,#36454F
forest_green,#228B22,taupe,#483C32
brick_red,#CB4154,forest_green,#228B22
amber,#FFBF00,cream,#FFFDD0
deep_teal,#014D4E,sand,#C2B280
royal_purple,#6A0DAD,beige,#F5F5DC
crimson_red,#DC143C,taupe,#483C32
bronze,#CD7F32,navy,#000080
forest_green,#228B22,cream,#FFFDD0
brick_red,#CB4154,forest_green,#228B22
amber,#FFBF00,chocolate,#7B3F00
deep_teal,#014D4E,sand,#C2B280
royal_purple,#6A0DAD,taupe,#483C32
crimson_red,#DC143C,chocolate,#7B3F00
bronze,#CD7F32,navy,#000080
forest_green,#228B22,sand,#C2B280
brick_red,#CB4154,steel_gray,#4682B4
amber,#FFBF00,beige,#F5F5DC
deep_teal,#014D4E,forest_green,#228B22
vivid_gold,#FFD700,taupe,#483C32
deep_emerald,#046307,chocolate,#7B3F00
deep_teal,#014D4E,navy,#000080
vivid_gold,#FFD700,steel_gray,#4682B4
deep_emerald,#046307,cream,#FFFDD0
burnt_copper,#B87333,midnight_blue,#191970